"database_identifier"	"chemical_formula"	"smiles"	"inchi"	"metabolite_identification"	"mass_to_charge"	"fragmentation"	"modifications"	"charge"	"retention_time"	"taxid"	"species"	"database"	"database_version"	"reliability"	"uri"	"search_engine"	"search_engine_score"	"smallmolecule_abundance_sub"	"smallmolecule_abundance_stdev_sub"	"smallmolecule_abundance_std_error_sub"	"BAL_214_Ecoli-MEcPP Ecoli_1_1"	"BAL_214_Ecoli-MEcPP Ecoli_1_2"	"BAL_214_Ecoli-MEcPP Ecoli_1_3"	"BAL_214_Ecoli-MEcPP Ecoli_1_4"	"BAL_214_Ecoli-MEcPP Ecoli_1_5"	"BAL_214_Ecoli-control Ecoli_2_1"	"BAL_214_Ecoli-control Ecoli_2_2"	"BAL_214_Ecoli-control Ecoli_2_3"	"BAL_214_Ecoli-control Ecoli_2_4"	"BAL_214_Ecoli-control Ecoli_2_5"
"101812"	"C10H12N5O6P"	"C1=NC(=C2C(=N1)N(C=N2)C3C4C(C(O3)CO)OP(=O)(O4)O)N"		"2',3'-cyclic AMP"	"328"	"134"			"6.2"												"343562.819439807"	"449204.958923212"	"2606.86717698461"	"411126.181387296"	"514888.264535335"	"486675.706841232"	"429652.193848569"	"450771.364935104"	"468653.368443403"	"507105.086721223"
"529"	"C2H5O6P"	"C(C(=O)[O-])OP(=O)([O-])[O-]"		"2-phosphoglycolic acid"	"155"	"79"			"12.9"												"209883.063700332"	"180967.351714292"	"4031.42772397855"	"164849.872293982"	"163292.860712992"	"155452.380432408"	"175503.360646772"	"135811.153501698"	"124559.520063234"	"119610.926529975"
"59"	"C3H7O7P"	"C(C(C(=O)O)OP(=O)(O)O)O"		"glycerate 2-phosphate"	"185"	"79"			"12.7"												"1127248.13438587"	"1196752.58104399"	"17651.590548565"	"1380820.01685637"	"1509597.84509902"	"1804114.29298266"	"1400218.19924677"	"1282219.9680655"	"1275840.29794864"	"1250356.11877621"
"6076"	"C10H12N5O6P"	"C1C2C(C(C(O2)N3C=NC4=C3N=CN=C4N)O)OP(=O)(O1)O"		"3',5'-cyclic AMP"	"328"	"134"			"7.2"												"141471.309933612"	"318174.039154914"	"8775.60303863439"	"267891.374663238"	"346067.51319067"	"304845.173655413"	"337566.638551234"	"332953.652424706"	"324082.871455795"	"283967.823569827"
"439774"	"C7H8O5"	"C1C(C(C(=O)C=C1C(=O)O)O)O"		"3-dehydroshikimate"	"171"	"127"			"2.7"												"103457.676531032"	"146462.720630485"	"6026.15084008093"	"144199.891400885"	"151513.961411756"	"149009.252129021"	"129802.325952857"	"155077.453832361"	"141805.467636024"	"122483.469057846"
"964"	"C3H4O4"	"C(C(=O)C(=O)O)O"		"3-hydroxypyruvic acid"	"103"	"59"			"0"												"81581.1703189878"	"224295.650343858"	"175113.636779926"	"169712.969385021"	"123590.896226344"	"128130.216300018"	"121356.458518091"	"104718.612793322"	"111972.17084385"	"110431.294732282"
"439183"	"C3H7O7P"	"C(C(C(=O)O)O)OP(=O)(O)O"		"3-phosphoglycerate"	"185"	"96.7"			"13.2"												"9364236.16353923"	"10039728.3372315"	"23308.9488374029"	"11701465.8546696"	"12451915.1457006"	"14053540.2394954"	"11596016.8774431"	"10897598.1298405"	"9981956.26055453"	"9725672.61446723"
"135398561"	"C20H25N7O6"	"CN1C(CNC2=C1C(=O)NC(=N2)N)CNC3=CC=C(C=C3)C(=O)NC(CCC(=O)O)C(=O)O"		"5-methyltetrahydrofolate"	"458.2"	"329.1"			"9.3"												"N/A"	"N/A"	"N/A"	"N/A"	"N/A"	"N/A"	"N/A"	"N/A"	"N/A"	"N/A"
"91493"	"C6H13O10P"	"C(C(C(C(C(C(=O)O)O)O)O)O)OP(=O)(O)O"		"6-phosphogluconic acid"	"275"	"79"			"13.1"												"32461.199992427"	"32094.8504304578"	"1606.61127140595"	"25838.5029904016"	"30035.4898024853"	"24832.5823604889"	"22760.3451556399"	"18409.1170637563"	"21002.2860813755"	"27227.880807647"
"56927957"	"C20H38O8P2"	"C/C(CCC1C2(C)CCCC(C)(C)C2CCC1(O)C)=C\COP(O)(OP(O)(O)=O)=O"		"8-hydroxycopalyl diphosphate"	"467.2"	"78.8"			"19"												"N/A"	"N/A"	"N/A"	"N/A"	"N/A"	"N/A"	"N/A"	"N/A"	"N/A"	"N/A"
"92153"	"C25H40N7O18P3S"	"CC(=O)CC(=O)SCCNC(=O)CCNC(=O)C(C(C)(C)COP(=O)(O)OP(=O)(O)OCC1C(C(C(O1)N2C=NC3=C2N=CN=C3N)O)OP(=O)(O)O)O"		"acetoacetyl-CoA"	"850.1"	"408"			"19.5"												"78132.518595978"	"108367.598430176"	"732.413874424191"	"108472.573731401"	"106344.10837678"	"95108.6842093367"	"102178.943852053"	"93737.5087045937"	"92469.3657964399"	"85507.4302391741"
"444493"	"C23H38N7O17P3S"	"CC(=O)SCCNC(=O)CCNC(=O)C(C(C)(C)COP(=O)(O)OP(=O)(O)OCC1C(C(C(O1)N2C=NC3=C2N=CN=C3N)O)OP(=O)(O)O)O"		"acetyl-CoA"	"808.1"	"407.9"			"17.6"												"7042111.1095084"	"7529603.17254479"	"30491.0658134686"	"9438334.70188197"	"9854376.26932428"	"7714468.03016299"	"6915944.82227536"	"7708612.45639063"	"6653325.2373282"	"6820590.01284787"
"309"	"C6H6O6"	"C(C(=CC(=O)O)C(=O)O)C(=O)O"		"aconitic acid"	"173"	"128.7"			"13.3"												"4028171.51327485"	"2568274.5684385"	"301002.291206923"	"2569972.82230722"	"2381005.81211696"	"2190882.66335966"	"2166663.55843712"	"2154157.73242002"	"1952839.95757792"	"1969542.4809778"
"60961"	"C10H13N5O4"	"C1=NC2=C(C(=N1)N)N=CN2C3C(C(C(O3)CO)O)O"		"adenosine"	"266.1"	"133.9"			"2.5"												"517281.7482504"	"2162500.04841552"	"730078.181766802"	"2071587.4269558"	"2224061.08130138"	"1752426.60306028"	"2253702.67351184"	"1705104.35418561"	"1959069.61601236"	"1683986.23271597"
"440122"	"C14H18N5O11P"	"C1=NC(=C2C(=N1)N(C=N2)C3C(C(C(O3)COP(=O)(O)O)O)O)NC(CC(=O)O)C(=O)O"		"adenylosuccinic acid"	"462.1"	"133.9"			"15.8"												"413941.10761005"	"516953.644856724"	"2105.33968200313"	"441234.716999098"	"436951.392946847"	"480158.380078158"	"554047.452726354"	"521769.28877314"	"405061.06023488"	"440621.811846267"
"6022"	"C10H15N5O10P2"	"C1=NC2=C(C(=N1)N)N=CN2C3C(C(C(O3)COP(=O)(O)OP(=O)(O)O)O)O"		"adenosine 5'-diphosphate"	"426"	"78.9"			"13.3"												"5446059.06346306"	"5723856.42938881"	"44855.7258687519"	"5995200.01362778"	"5901487.00244388"	"8190032.35546386"	"8380660.70522506"	"7628981.74163474"	"6714237.24404223"	"7353965.18099034"
"16500"	"C16H25N5O15P2"	"C1=NC2=C(C(=N1)N)N=CN2C3C(C(C(O3)COP(=O)(O)OP(=O)(O)OC4C(C(C(C(O4)CO)O)O)O)O)O"		"ADP-glucose"	"588.1"	"345.9"			"10.6"												"346619.937063253"	"408773.345462281"	"2031.25864258172"	"634299.817564382"	"699049.358561812"	"598310.926307436"	"429447.021810971"	"600971.545023744"	"587036.027343206"	"590029.860548899"
"439957"	"C15H24N5O17P3"	"NC1=C(N=C2)C(N2[C@@H]([C@@H]([C@@H]3O)OP(O)(O)=O)O[C@@H]3COP(OP(OC[C@H]4CC([C@@H]([C@@H]4O)O)O)(O)=O)(O)=O)=NC=N1"		"ADP-ribose 2'-phosphate"	"638"	"426"			"16.5"												"391767.763180477"	"410456.278279403"	"8541.96936115267"	"494502.75955343"	"581158.273957663"	"505712.930384076"	"363504.042114256"	"624278.023598762"	"577010.967896544"	"578788.34093958"
"33576"	"C15H23N5O14P2"	"C1=NC2=C(C(=N1)N)N=CN2C3C(C(C(O3)COP(=O)(O)OP(=O)(O)OCC4C(C(C(O4)O)O)O)O)O"		"ADP-D-ribose"	"558.1"	"346"			"10.5"												"6411451.96308266"	"7717370.7002763"	"51332.8089830437"	"11723598.7555948"	"16928597.7981303"	"16122355.3506269"	"8599547.35970415"	"17304236.3486555"	"18594520.9096735"	"18274493.8347484"
"65110"	"C9H15N4O8P"	"C1=NC(=C(N1C2C(C(C(O2)COP(=O)(O)O)O)O)N)C(=O)N"		"AICA ribonucleotide"	"337.1"	"78.9"			"0"												"N/A"	"N/A"	"N/A"	"N/A"	"N/A"	"N/A"	"N/A"	"N/A"	"N/A"	"N/A"
"161500"	"C8H14N3O7P"	"C1=C(N(C=N1)C2C(C(C(O2)COP(=O)(O)O)O)O)N"		"5-aminoimidazole ribonucleotide"	"294"	"78.9"			"0"												"N/A"	"N/A"	"N/A"	"N/A"	"N/A"	"N/A"	"N/A"	"N/A"	"N/A"	"N/A"
"51"	"C5H6O5"	"C(CC(=O)O)C(=O)C(=O)O"		"2-ketoglutaric acid"	"145"	"101"			"10.7"												"1036888.8230893"	"855794.260684343"	"68125.6374317591"	"884309.125541101"	"757713.246695786"	"1523066.5668109"	"1669616.77948564"	"1266322.17533776"	"1117946.17599144"	"1180831.51423617"
"5950"	"C3H7NO2"	"CC(C(=O)O)N"		"L-alanine"	"88"	"41.9"			"0.7"												"1905.19026206104"	"3265.85483252008"	"411.857587426611"	"2636.12009477645"	"1993.74676754685"	"2702.71486358831"	"2755.5517177477"	"3264.61269981996"	"2747.49989335673"	"1252.53953649266"
"203"	"C4H8N4O4"	"C(C(=O)O)(NC(=O)N)NC(=O)N"		"allantoic acid"	"175"	"132"			"2.6"												"N/A"	"N/A"	"N/A"	"N/A"	"N/A"	"N/A"	"N/A"	"N/A"	"N/A"	"N/A"
"204"	"C4H6N4O3"	"C1(C(=O)NC(=O)N1)NC(=O)N"		"allantoin"	"157"	"97.2"			"0.7"												"N/A"	"N/A"	"N/A"	"N/A"	"N/A"	"N/A"	"N/A"	"N/A"	"N/A"	"N/A"
"6083"	"C10H14N5O7P"	"C1=NC2=C(C(=N1)N)N=CN2C3C(C(C(O3)COP(=O)(O)O)O)O"		"adenosine 5'-monophosphate"	"346.1"	"78.8"			"8.8"												"3857718.90003855"	"1767084.81855348"	"10135.6484066282"	"1022646.46595784"	"513822.747215795"	"1287863.66276677"	"1823062.39902935"	"2813966.24217644"	"1413145.06536786"	"1914880.45489912"
"6322"	"C6H14N4O2"	"C(CC(C(=O)O)N)CN=C(N)N"		"L-arginine"	"173.1"	"131"			"0.6"												"3071676.82546159"	"3275162.72803536"	"332441.619568836"	"3005510.80465842"	"3137176.36604826"	"3475210.7075498"	"3523069.3268575"	"3624475.98943068"	"3768737.63713946"	"3447290.92720606"
"54670067"	"C6H8O6"	"C(C(C1C(=C(C(=O)O1)O)O)O)O"		"ascorbic acid"	"175"	"115"			"2.8"												"N/A"	"N/A"	"N/A"	"N/A"	"N/A"	"N/A"	"N/A"	"N/A"	"N/A"	"N/A"
"6267"	"C4H8N2O3"	"C(C(C(=O)O)N)C(=O)N"		"L-asparagine"	"131"	"87.1"			"0.7"												"14660.7073003647"	"14563.7346602345"	"5013.0071981202"	"13102.3897171185"	"18035.0802345937"	"15493.3548385828"	"16571.2093403135"	"16335.7247747756"	"15799.0077195396"	"11583.5188806531"
"5960"	"C4H7NO4"	"C(C(C(=O)O)N)C(=O)O"		"L-aspartic acid"	"132"	"88"			"1.9"												"18671364.2588752"	"24418704.5746992"	"130974.131308971"	"22168113.79282"	"21291140.3122976"	"23391496.9302213"	"24907661.2685522"	"24027254.4750714"	"22666460.0840996"	"19680252.6542119"
"5957"	"C10H16N5O13P3"	"C1=NC2=C(C(=N1)N)N=CN2C3C(C(C(O3)COP(=O)(O)OP(=O)(O)OP(=O)(O)O)O)O"		"adenosine triphosphate"	"506"	"158.8"			"15.6"												"2856557.40812193"	"2945941.62786772"	"63102.649697105"	"5408919.70666601"	"6811987.60547238"	"10897633.020827"	"6261891.03105335"	"8572614.92849628"	"7072543.44710382"	"8030115.7524182"
"279"	"C5H8N2O5"	"C(C(C(=O)O)NC(=O)N)C(=O)O"		"ureidosuccinic acid"	"175"	"131.8"			"10.1"												"35643.8660773502"	"61475.0883510574"	"1120.13697213856"	"59346.984989623"	"67794.9932092275"	"66149.5508943656"	"60476.1860033892"	"64859.9505614049"	"61052.2655598155"	"60066.257897179"
"165388"	"C9H14N3O9P"	"C1=NC(=C(N1C2C(C(C(O2)COP(=O)(O)O)O)O)N)C(=O)O"		"carboxyaminoimidazole ribotide"	"338"	"78.9"			"0"												"N/A"	"N/A"	"N/A"	"N/A"	"N/A"	"N/A"	"N/A"	"N/A"	"N/A"	"N/A"
"111"	"C4H8N2O3"	"C(CNC(=O)N)C(=O)O"		"3-ureidopropionic acid"	"131"	"87.9"			"2.8"												"23264.6147456995"	"48317.8321767703"	"945.858205919807"	"45124.3939465489"	"53018.6259324526"	"57239.4558850003"	"55364.1610360318"	"61903.929912117"	"59322.9271616747"	"47078.5506890352"
"6132"	"C9H15N3O11P2"	"C1=CN(C(=O)N=C1N)C2C(C(C(O2)COP(=O)(O)OP(=O)(O)O)O)O"		"cytidine 5'-diphosphate"	"402"	"78.9"			"13.1"												"2192660.75010293"	"2076468.6191939"	"7107.87295020012"	"2181390.05691468"	"1979612.04026542"	"2387658.63152702"	"2486861.31114939"	"2624837.17667638"	"2035450.643605"	"2343582.23896032"
"13804"	"C14H26N4O11P2"	"C[N+](C)(C)CCOP(=O)([O-])OP(=O)(O)OCC1C(C(C(O1)N2C=CC(=NC2=O)N)O)O"		"CDP-choline"	"487.1"	"428"			"2.4"												"N/A"	"N/A"	"N/A"	"N/A"	"N/A"	"N/A"	"N/A"	"N/A"	"N/A"	"N/A"
"46936756"	"C14H25N3O14P2"	"CC(CO)(C(COP(=O)(O)OP(=O)(O)OCC1C(C(C(O1)N2C=CC(=NC2=O)N)O)O)O)O"		"4-diphosphocytidyl-2-C-methyl-D-erythritol"	"520.1"	"78.9"			"10"												"23976.4163427975"	"25858.715068282"	"238.117597653173"	"29574.8686956593"	"25748.8100071365"	"15262.6496933448"	"14570.7784999664"	"22048.3362450129"	"14102.3365981128"	"17865.4389462985"
"443200"	"C14H26N3O17P3"	"CC(CO)(C(COP(=O)(O)OP(=O)(O)OCC1C(C(C(O1)N2C=CC(=NC2=O)N)O)O)O)OP(=O)(O)O"		"4-CDP-2-C-methyl-D-erythritol 2-phosphate"	"600"	"78.9"			"15.5"												"16649.0100853636"	"15187.4256020923"	"746.819669844617"	"17374.9282939174"	"20366.304990567"	"2950.85816821223"	"4604.2147666095"	"3371.29925964513"	"3675.74248046735"	"3564.65164450313"
"135398570"	"C10H12N5O7P"	"C1C2C(C(C(O2)N3C=NC4=C3NC(=NC4=O)N)O)OP(=O)(O1)O"		"3',5'-cyclic GMP"	"344"	"150"			"4.5"												"N/A"	"N/A"	"N/A"	"N/A"	"N/A"	"N/A"	"N/A"	"N/A"	"N/A"	"N/A"
"312"	"Cl"	"[Cl-]"		"chloride"	"35"	"35"			"3"												"N/A"	"N/A"	"N/A"	"N/A"	"N/A"	"N/A"	"N/A"	"N/A"	"N/A"	"N/A"
"12039"	"C10H10O6"	"C=C(C(=O)O)OC1C=C(C=CC1O)C(=O)O"		"chorismic acid"	"225"	"179"			"0"												"426808.948231282"	"1149815.08299809"	"44533.1272408942"	"1017740.06277177"	"705804.737903817"	"574744.156043519"	"592837.249517484"	"453680.841075412"	"407053.058876285"	"359607.072066036"
"12039"	"C10H10O6"	"C=C(C(=O)O)OC1C=C(C=CC1O)C(=O)O"		"chorismic acid"	"207.1"	"179"			"0"												"N/A"	"N/A"	"N/A"	"N/A"	"N/A"	"N/A"	"N/A"	"N/A"	"N/A"	"N/A"
"311"	"C6H8O7"	"C(C(=O)O)C(CC(=O)O)(C(=O)O)O"		"citric acid"	"191"	"87"			"14.6"												"9796183.35716658"	"9066061.73409118"	"3918368.47308776"	"11050553.9403908"	"11522953.6142444"	"13259906.3444763"	"16304137.3327197"	"13793000.6862516"	"13741690.7423589"	"14015764.3730981"
"9750"	"C6H13N3O3"	"C(CC(C(=O)O)N)CNC(=O)N"		"L-citrulline"	"174.1"	"131"			"0.7"												"232888.886765571"	"252159.734728145"	"22370.7453397625"	"265055.543490121"	"284984.529859066"	"306356.565834871"	"292074.274693953"	"288155.188583828"	"310432.037724044"	"273257.933375912"
"6131"	"C9H14N3O8P"	"C1=CN(C(=O)N=C1N)C2C(C(C(O2)COP(=O)(O)O)O)O"		"cytidine 5'-monophosphate"	"322"	"79"			"7"												"2869440.37114034"	"1624837.48030433"	"5116.26922806498"	"1026067.14655242"	"620020.950912213"	"876469.203404743"	"1544978.92070311"	"2048476.41288403"	"1333111.33880837"	"1473544.44295478"
"87642"	"C21H36N7O16P3S"	"CC(C)(COP(=O)(O)OP(=O)(O)OCC1C(C(C(O1)N2C=NC3=C2N=CN=C3N)O)OP(=O)(O)O)C(C(=O)NCCC(=O)NCCS)O"		"coenzyme A"	"766.1"	"407.9"			"17"												"3851660.94040556"	"5792873.24852545"	"9024.8678785701"	"7314610.15569398"	"7511638.8123046"	"6259499.78015637"	"6629936.90239207"	"6315188.45861905"	"7372516.40151208"	"6149128.82893648"
"586"	"C4H9N3O2"	"CN(CC(=O)O)C(=N)N"		"creatine"	"130.1"	"88.1"			"0.7"												"N/A"	"N/A"	"N/A"	"N/A"	"N/A"	"N/A"	"N/A"	"N/A"	"N/A"	"N/A"
"9548602"	"C4H10N3O5P"	"CN(CC(=O)O)C(=NP(=O)(O)O)N"		"phosphocreatine"	"210"	"78.9"			"9.6"												"N/A"	"N/A"	"N/A"	"N/A"	"N/A"	"N/A"	"N/A"	"N/A"	"N/A"	"N/A"
"6176"	"C9H16N3O14P3"	"C1=CN(C(=O)N=C1N)C2C(C(C(O2)COP(=O)(O)OP(=O)(O)OP(=O)(O)O)O)O"		"cytidine triphosphate"	"482"	"158.8"			"15.4"												"1068000.35394376"	"1222430.75558961"	"20046.459581786"	"2620406.57630841"	"3546431.08942235"	"3664082.89737958"	"2530474.54016025"	"2807838.83779836"	"2383618.15118991"	"2564437.38048835"
"5862"	"C3H7NO2S"	"C(C(C(=O)O)N)S"		"L-cysteine"	"120"	"79.8"			"0.7"												"N/A"	"N/A"	"N/A"	"N/A"	"N/A"	"N/A"	"N/A"	"N/A"	"N/A"	"N/A"
"67678"	"C6H12N2O4S2"	"C(C(C(=O)O)N)SSCC(C(=O)O)N"		"L-cystine"	"239"	"120"			"0.8"												"N/A"	"N/A"	"N/A"	"N/A"	"N/A"	"N/A"	"N/A"	"N/A"	"N/A"	"N/A"
"6175"	"C9H13N3O5"	"C1=CN(C(=O)N=C1N)C2C(C(C(O2)CO)O)O"		"cytidine"	"242.1"	"108.9"			"1"												"163684.711318323"	"451988.609350043"	"71121.7630804974"	"574294.850060475"	"638652.528068978"	"377691.590041026"	"385685.783358622"	"287004.29711102"	"390219.846535396"	"335505.854429578"
"13730"	"C10H13N5O3"	"C1C(C(OC1N2C=NC3=C(N=CN=C32)N)CO)O"		"2'-deoxyadenosine"	"250.1"	"134"			"2.5"												"1813.89478414908"	"15680.1685159387"	"5981.67845664664"	"13667.9314237015"	"14971.6994061178"	"8558.4660339271"	"9248.16472887898"	"6674.44078752034"	"10418.0862996756"	"7313.50772680487"
"188966"	"C10H15N5O9P2"	"C1C(C(OC1N2C=NC3=C2N=CN=C3N)COP(=O)(O)OP(=O)(O)O)O"		"2'-deoxyadenosine-5'-diphosphate"	"410"	"78.9"			"13.5"												"301536.92609076"	"409251.999803978"	"3959.61886123967"	"492056.134574335"	"518763.778920823"	"466631.48358151"	"428926.926521608"	"402678.723185659"	"378222.744634207"	"385382.117914897"
"12599"	"C10H14N5O6P"	"C1C(C(OC1N2C=NC3=C(N=CN=C32)N)COP(=O)(O)O)O"		"2'-deoxyadenosine-5'-monophosphate"	"330.1"	"195"			"9.1"												"402099.919743623"	"572582.955131521"	"5496.86948043504"	"440806.765986449"	"364075.550182148"	"262166.388085856"	"327821.986004434"	"357375.533762517"	"388416.900507181"	"340687.849098966"
"15993"	"C10H16N5O12P3"	"C1C(C(OC1N2C=NC3=C2N=CN=C3N)COP(=O)(O)OP(=O)(O)OP(=O)(O)O)O"		"deoxyadenosine triphosphate"	"490"	"391.9"			"15.5"												"195921.410172987"	"247968.862054076"	"6725.46373289998"	"388731.475183984"	"486732.383115177"	"540062.259874774"	"328507.177841485"	"409945.022279916"	"380855.872222872"	"415086.871907024"
"440667"	"C6H6O6"	"C(C(C1C(=O)C(=O)C(=O)O1)O)O"		"dehydroascorbic acid"	"173"	"127"			"0.8"												"N/A"	"N/A"	"N/A"	"N/A"	"N/A"	"N/A"	"N/A"	"N/A"	"N/A"	"N/A"
"135398597"	"C10H14N5O7P"	"C1C(C(OC1N2C=NC3=C2NC(=NC3=O)N)COP(=O)(O)O)O"		"2'-deoxyguanosine 5'-monophosphate"	"346.1"	"78.8"			"8.4"												"52750.4489683345"	"55625.873617897"	"7624.52268249689"	"57389.6033648827"	"63302.5691890136"	"53979.8125590122"	"86757.5734189769"	"88036.2811562879"	"84593.4282029082"	"86051.9980452213"
"135398592"	"C10H13N5O4"	"C1C(C(OC1N2C=NC3=C2N=C(NC3=O)N)CO)O"		"deoxyguanosine"	"266.1"	"150"			"1.5"												"24179.9457634891"	"96641.4589407859"	"12517.2081768686"	"114154.817540555"	"128381.454970857"	"72440.6022996651"	"95799.8475723878"	"49987.8580919417"	"78409.1321458126"	"60737.9730999157"
"668"	"C3H7O6P"	"C(C(=O)COP(=O)(O)O)O"		"dihydroxyacetone phosphate"	"169"	"97"			"8.5"												"44798.1876593302"	"55739.1422309063"	"1243.34112592484"	"100165.066782489"	"139536.285849368"	"125195.065060056"	"51474.4350027135"	"121119.602939233"	"127067.340892632"	"116386.915340748"
"648"	"C5H6N2O4"	"C1C(NC(=O)NC1=O)C(=O)O"		"dihydroorotic acid"	"157"	"112.7"			"3.3"												"23452.5168775416"	"20723.0107815287"	"36743.1412596531"	"24362.3880487162"	"13353.3504500826"	"18532.4575083153"	"19664.3791306967"	"19344.1970045297"	"17157.7207392197"	"15277.6744444288"
"439694"	"C12H18O13"	"C1(C(C(OC(C1O)OC2C(C(C(OC2C(=O)O)O)O)O)C(=O)O)O)O"		"digalacturonic acid"	"369.1"	"175"			"9.5"												"1782.93926254644"	"1582.00108916451"	"1899.98175685147"	"1576.30983901533"	"2410.7626471666"	"1678.85136184828"	"853.390824789775"	"1457.0212700493"	"1450.81714384019"	"852.7582315659"
	"C12H22O11"	"C(C1C(C(C(C(O1)OC2(C(C(C(O2)CO)O)O)CO)O)O)O)O"		"disccharides_sum"	"341.1"	"89"			"0.8"												"N/A"	"N/A"	"N/A"	"N/A"	"N/A"	"N/A"	"N/A"	"N/A"	"N/A"	"N/A"
"647"	"C26H42N7O19P3S"	"CC(=CCOP(=O)(O)OP(=O)(O)O)C"		"dimethylallyl diphosphate"	"245"	"78.9"			"14.2"												"52288.0754104608"	"63960.8772906779"	"1303.81160978464"	"73866.9167572081"	"84683.3366487157"	"122675.838327056"	"121704.866665801"	"113983.864221199"	"115735.835025501"	"102275.716207534"
"45934311"	"C5H11O7P"	"C1C(C(OC1O)COP(=O)(O)O)O"		"deoxyribose 5-phosphate"	"212.9"	"97.1"			"0"												"N/A"	"N/A"	"N/A"	"N/A"	"N/A"	"N/A"	"N/A"	"N/A"	"N/A"	"N/A"
"164628"	"C10H16N2O11P2"	"CC1=CN(C(=O)NC1=O)C2CC(C(O2)COP(=O)(O)OP(=O)(O)O)O"		"thymidine-5'-diphosphate"	"401"	"78.8"			"13.4"												"3162689.35004205"	"4110002.80518119"	"8238.00725429854"	"4066971.44435244"	"3782702.06329604"	"3980136.22334966"	"4424914.92774403"	"4175592.51724951"	"3582143.07776934"	"4032897.42428879"
"9700"	"C10H15N2O8P"	"CC1=CN(C(=O)NC1=O)C2CC(C(O2)COP(=O)(O)O)O"		"thymidine 5'-monophosphate"	"321"	"78.8"			"8.7"												"4036249.27245718"	"6112159.02288332"	"37242.2598263001"	"3607506.07813144"	"2220112.96593578"	"3599063.90589874"	"5376707.78725962"	"3898893.78331512"	"3106460.38867133"	"3229049.87537425"
"64968"	"C10H17N2O14P3"	"CC1=CN(C(=O)NC1=O)C2CC(C(O2)COP(=O)(O)OP(=O)(O)OP(=O)(O)O)O"		"thymidine-5'-triphosphate"	"481"	"158.7"			"16"												"955637.96148203"	"1021773.28432126"	"6165.56998005865"	"2185265.17967394"	"2857751.81327881"	"3449910.54137377"	"1943873.82525557"	"2775442.69823823"	"2301374.36701246"	"2452529.13228721"
"443201"	"C5H11O7P"	"CC(=O)C(C(COP(=O)(O)O)O)O"		"1-deoxy-D-xylulose 5-phosphate"	"213"	"97"			"8.8"												"2044165.72835742"	"3089979.75279429"	"18401.905412611"	"4442175.47150318"	"5072486.3534622"	"2527288.15997441"	"1240937.47260343"	"2400763.66838019"	"2314889.69773191"	"2228908.36921217"
"122357"	"C4H9O7P"	"C(C(C(C=O)O)O)OP(=O)(O)O"		"erythrose 4-phosphate"	"199"	"96.8"			"5.9"												"102791.532029122"	"156400.711718009"	"1774.31655815844"	"155405.818663998"	"167404.245571606"	"168998.819475677"	"128483.773819271"	"124673.25902593"	"121891.312311544"	"125784.646237348"
"69507"	"C6H13O9P"	"C(C(C(C(C(=O)CO)O)O)O)OP(=O)(O)O"		"fructose 6-phosphate"	"259"	"96.9"			"5.5"												"N/A"	"N/A"	"N/A"	"N/A"	"N/A"	"N/A"	"N/A"	"N/A"	"N/A"	"N/A"
"643975"	"C27H33N9O15P2"	"CC1=CC2=C(C=C1C)N(C3=NC(=O)NC(=O)C3=N2)CC(C(C(COP(=O)(O)OP(=O)(O)OCC4C(C(C(O4)N5C=NC6=C5N=CN=C6N)O)O)O)O)O"		"flavin adenine dinucleotide"	"784.1"	"79"			"13.1"												"249626.05069331"	"288579.717913969"	"1113.61504344918"	"321440.20156284"	"377664.755304773"	"349860.52919744"	"347452.977064194"	"318939.245880687"	"282381.774033239"	"312403.528759828"
"166760"	"C10H15N4O9P"	"C1=NC(=C(N1C2C(C(C(O2)COP(=O)(O)O)O)O)NC=O)C(=O)N"		"FAICAR"	"365"	"78.9"			"0"												"N/A"	"N/A"	"N/A"	"N/A"	"N/A"	"N/A"	"N/A"	"N/A"	"N/A"	"N/A"
"10267"	"C6H14O12P2"	"C(C1C(C(C(O1)(COP(=O)(O)O)O)O)O)OP(=O)(O)O"		"fructose-1,6-diphosphate"	"339"	"96.9"			"15.7"												"2808730.9748121"	"2316129.44462353"	"11518.843464606"	"2316535.701168"	"2553487.93783047"	"3155916.15042095"	"3197191.20848343"	"2580848.0094086"	"2345947.89651001"	"2333930.65830138"
"154"	"C8H16N3O8P"	"O=CNC/C(N)=N/C(O1)C(O)C(O)C1COP(O)(O)=O"		"5-phosphoribosyl-N-formylglycineamidine"	"312.1"	"78.9"			"0"												"2913.40930929721"	"10430.724791591"	"433.069576653219"	"10276.358961526"	"13696.2687224961"	"12314.1510211651"	"10704.7841190428"	"14025.742467898"	"10112.6886664514"	"10783.7759614061"
"151"	"C8H15N2O9P"	"C(C1C(C(C(O1)NC(=O)CNC=O)O)O)OP(=O)(O)O"		"5'-phosphoribosyl-N-formylglycineamide"	"313"	"78.9"			"0"												"N/A"	"N/A"	"N/A"	"N/A"	"N/A"	"N/A"	"N/A"	"N/A"	"N/A"	"N/A"
"643976"	"C17H21N4O9P"	"CC1=CC2=C(C=C1C)N(C3=NC(=O)NC(=O)C3=N2)CC(C(C(COP(=O)(O)O)O)O)O"		"flavin mononucleotide"	"455.1"	"97"			"0"												"224567.460035596"	"216023.674731115"	"3392.20171383574"	"218482.88788274"	"260703.355910612"	"240826.99574753"	"220560.121733058"	"246511.778553596"	"217129.180504967"	"226935.363788157"
"445713"	"C15H28O7P2"	"CC(=CCCC(=CCCC(=CCOP(=O)(O)OP(=O)(O)O)C)C)C"		"farnesyl diphosphate"	"381.1"	"78.9"			"19.7"												"6384.25430653696"	"15284.8781977313"	"11995.2687831911"	"24271.7937152528"	"25805.66024666"	"40282.8719367324"	"39623.541354063"	"35532.5835508195"	"42296.1614615323"	"37834.5077042597"
"444972"	"C4H4O4"	"C(=CC(=O)O)C(=O)O"		"fumaric acid"	"115"	"71"			"10.4"												"34253.7085730382"	"214871.253819861"	"160319.81318987"	"210525.728948466"	"242658.536754482"	"252073.426052643"	"196013.568852708"	"213397.331554324"	"174961.881472823"	"166657.293192135"
"65533"	"C6H13O9P"	"C(C1C(C(C(C(O1)OP(=O)(O)O)O)O)O)O"		"glucose-1-phosphate"	"259"	"240.8"			"6.4"												"5014649.85406421"	"9512596.22324173"	"69040.446720425"	"10360459.6476778"	"11617631.813209"	"10354309.0971501"	"10644384.3728439"	"10098324.610794"	"10151198.2603503"	"9200619.74087449"
"439284"	"C6H13O9P"	"C(C1C(C(C(C(O1)O)O)O)O)OP(=O)(O)O"		"glucose-6-phosphate"	"259"	"97"			"5.4"												"917479.357605647"	"1163106.77660958"	"7716.84483956587"	"1372351.86222582"	"1557708.47334672"	"1477271.67399432"	"1073005.86653308"	"1320460.18334323"	"1310279.11917497"	"1353643.01430474"
"188960"	"C6H14NO8P"	"C(C1C(C(C(C(O1)OP(=O)(O)O)N)O)O)O"		"glucosamine 1-phosphate"	"258"	"78.9"			"2.4"												"134319.879679268"	"189799.412472014"	"736.848627595138"	"221487.371803626"	"232777.035659668"	"243513.585408796"	"237509.664162528"	"271027.582885788"	"241143.561615445"	"248729.122117405"
"439217"	"C6H14NO8P"	"C(C1C(C(C(C(O1)O)N)O)O)OP(=O)(O)O"		"glucosamine 6-phosphate"	"258"	"97"			"2.1"												"435951.439312068"	"687549.292462827"	"9112.88936322031"	"722116.904864678"	"842098.928230722"	"906218.709317015"	"868307.43640943"	"963260.779406671"	"719615.462833836"	"905846.504674784"
"119"	"C4H9NO2"	"C(CC(=O)O)CN"		"gamma-aminobutyric acid"	"102.1"	"84"			"0.7"												"4668.01943104923"	"6624.4709957658"	"1261.96210492857"	"5437.4821863212"	"4466.03353009304"	"3860.95399189987"	"4586.27435466004"	"4886.11830306019"	"3867.88515594924"	"4081.31945845238"
"128869"	"C6H12O7"	"C(C(C(C(C(C(=O)O)O)O)O)O)O"		"D-galactonic acid"	"195.1"	"129"			"2.1"												"411455.960615125"	"727234.652778823"	"2170.79201999086"	"745884.776569379"	"772601.43887243"	"901578.79924657"	"856994.796285009"	"852613.895384813"	"862214.08292153"	"722026.722982812"
"439215"	"C6H10O7"	"C1(C(C(OC(C1O)O)C(=O)O)O)O"		"D-galacturonic Acid"	"193"	"113"			"2"												"9287.2675982328"	"10867.1607056753"	"537.228751173158"	"12724.6221528045"	"13160.0568728247"	"12747.8962978915"	"7385.56137262725"	"13320.479235121"	"16977.5929737311"	"12533.1434087903"
"729"	"C3H7O6P"	"C(C(C=O)O)OP(=O)(O)O"		"glycerinaldehye 3-phosphate"	"169"	"97"			"5.4"												"3028.72246438515"	"1107.85488271514"	"952.645873693654"	"2246.22910819759"	"853.951547084528"	"913.987034407503"	"741.850324590546"	"484.600169471602"	"2433.72686667791"	"426.772647754513"
"90657462"	"C7H15N2O8P"	"O=C(CN)NC(O1)C(O)C(O)C1COP(O)(O)=O"		"5'-phosphoribosylglycineamide"	"285"	"78.9"			"0"												"923.188903262778"	"936.921788079193"	"197.355873138758"	"508.789883835779"	"804.367988264648"	"649.586777907194"	"566.567968462165"	"454.969486452313"	"974.654140744074"	"1482.67358085231"
"135398619"	"C10H15N5O11P2"	"C1=NC2=C(N1C3C(C(C(O3)COP(=O)(O)OP(=O)(O)O)O)O)NC(=NC2=O)N"		"guanosine diphosphate"	"442"	"78.9"			"13"												"1186826.02025"	"1063686.52839593"	"5079.45616838134"	"1108159.34821575"	"1147878.63718931"	"1686985.73297356"	"1658718.87788077"	"1666255.36637411"	"1305109.97944676"	"1554037.749887"
"447277"	"C20H36O7P2"	"CC(=CCCC(=CCCC(=CCCC(=CCOP(=O)(O)OP(=O)(O)O)C)C)C)C"		"geranylgeranyl pyrophosphate"	"449.2"	"78.8"			"19.2"												"1467.49638483773"	"821.72778057861"	"117.095297268323"	"2078.06159457029"	"1993.71447500957"	"1564.2230007595"	"3083.23791574958"	"2124.29867589834"	"1555.70100718075"	"1022.56789347516"
"33032"	"C5H9NO4"	"C(CC(=O)O)C(C(=O)O)N"		"L-glutamic acid"	"146"	"102"			"2.1"												"73890536.1248325"	"86617707.755968"	"1238350.58237776"	"85269590.3448057"	"85062670.321602"	"89181287.0392049"	"84370022.231399"	"85904527.2501786"	"90845981.0993382"	"77842859.3274848"
"754"	"C3H9O6P"	"C(C(COP(=O)(O)O)O)O"		"glycerophosphoric acid"	"171"	"78.8"			"6.8"												"542896.695721853"	"828725.541592263"	"8159.74858374141"	"750807.970909661"	"857043.399548026"	"906347.251393959"	"689424.731106531"	"726711.568295481"	"762260.49311804"	"654040.927021347"
"5961"	"C5H10N2O3"	"C(CC(=O)N)C(C(=O)O)N"		"L-glutamine"	"145.1"	"108.9"			"0.6"												"423532.735747317"	"305716.429994617"	"26666.7183270543"	"312723.184002201"	"348747.109719817"	"299317.720808613"	"321132.436750413"	"328139.655402627"	"365794.099833096"	"312129.743142908"
"10690"	"C6H12O7"	"C(C(C(C(C(C(=O)O)O)O)O)O)O"		"gluconic acid"	"195.1"	"129"			"2.1"												"400268.402074787"	"734548.024643277"	"2796.05025692097"	"750084.444520376"	"795787.270346555"	"890496.039310821"	"892686.92136696"	"816917.797662096"	"831673.813419597"	"740545.798628438"
"94715"	"C6H10O7"	"C1(C(C(OC(C1O)O)C(=O)O)O)O"		"D-glucuronic Acid"	"193"	"113"			"1.9"												"28020.4346964039"	"13729.360382389"	"3463.50838407211"	"14538.5284445618"	"15829.8346014667"	"15703.5109718763"	"16421.704322768"	"14771.887872447"	"16243.9704170736"	"14195.467302726"
"750"	"C2H5NO2"	"C(C(=O)O)N"		"glycine"	"74"	"74"			"0.8"												"344833.834352378"	"452165.25774179"	"50875.6339871296"	"468028.087859516"	"470909.071080257"	"353738.585903835"	"351112.287245933"	"315058.675641621"	"351051.462878359"	"347684.073345085"
"757"	"C2H4O3"	"C(C(=O)O)O"		"glycolic acid"	"75"	"47"			"2.5"												"27951.6936835757"	"49417.1476506968"	"1385.5310960361"	"48969.6812622914"	"45834.1785587246"	"50256.7506709629"	"48506.6550828621"	"43434.28497989"	"42081.2458575401"	"42508.3532079587"
"760"	"C2H2O3"	"C(=O)C(=O)O"		"glyoxylic acid"	"73"	"45"			"2"												"361.09377847824"	"2159.7403003584"	"1145.56223452515"	"1878.41553271245"	"1520.49910636579"	"1723.70531354827"	"2239.09219570882"	"1108.04677373987"	"1818.20918826227"	"949.818246590596"
"135398631"	"C10H14N5O8P"	"C1=NC2=C(N1C3C(C(C(O3)COP(=O)(O)O)O)O)N=C(NC2=O)N"		"guanosine-5'-monophosphate"	"362.1"	"78.9"			"8.1"												"634879.065821003"	"179839.165929299"	"1416.28648834301"	"89737.2121817264"	"58752.5415087039"	"119757.445243389"	"229298.978975018"	"417204.890971629"	"172192.080958754"	"239855.312628276"
"445995"	"C10H20O7P2"	"CC(=CCCC(=CCOP(=O)(O)OP(=O)(O)O)C)C"		"geranyl diphosphate"	"313.1"	"78.9"			"18"												"5467.23826383958"	"2810.49491098013"	"5261.79062484454"	"5458.36097870865"	"3779.64011043389"	"3264.6529337481"	"2486.65913182745"	"3452.72209145901"	"3164.5302227579"	"3068.47750863452"
"124886"	"C10H17N3O6S"	"C(CC(=O)NC(CS)C(=O)NCC(=O)O)C(C(=O)O)N"		"glutathione"	"306.1"	"143"			"4"												"75737932.9849262"	"102146770.943719"	"710600.42726839"	"103979571.784235"	"116153251.21165"	"115364764.844668"	"97081435.2886522"	"112476851.649333"	"115782197.482473"	"107272482.339726"
"65359"	"C20H32N6O12S2"	"C(CC(=O)NC(CSSCC(C(=O)NCC(=O)O)NC(=O)CCC(C(=O)O)N)C(=O)NCC(=O)O)C(C(=O)O)N"		"glutathione disulfide"	"611.1"	"306.1"			"8.9"												"94185526.4662435"	"129330700.620123"	"438046.770653479"	"122144982.564606"	"128158594.596206"	"114213130.742382"	"128038549.388568"	"112706535.636616"	"114744666.850682"	"112082307.214471"
"135398633"	"C10H16N5O14P3"	"C1=NC2=C(N1C3C(C(C(O3)COP(=O)(O)OP(=O)(O)OP(=O)(O)O)O)O)NC(=NC2=O)N"		"guanosine triphosphate"	"522"	"158.8"			"16"												"394652.051130275"	"446964.292387036"	"6888.1519041185"	"884296.5549195"	"1241295.69655306"	"1576533.04068509"	"913751.561882195"	"1079249.45633338"	"920489.444057289"	"1005216.72737442"
"135398635"	"C10H13N5O5"	"C1=NC2=C(N1C3C(C(C(O3)CO)O)O)NC(=NC2=O)N"		"guanosine"	"282.1"	"149.9"			"1.4"												"4372902.5552942"	"11959131.2118309"	"871548.046624479"	"14355073.9081897"	"16252879.864968"	"10654426.2494099"	"11237886.6196597"	"8676832.11556062"	"10697686.3143606"	"9830235.86060644"
	"C6H12O6"	"O[C@@H]1[C@H](O)[C@@H](O)[C@H](O)[C@@H](CO)O1"		"hexose_sum"	"179.1"	"89"			"0.8"												"12267.2111625378"	"10899.549175957"	"2849.63768527997"	"10708.3355842634"	"9038.53193302351"	"10697.7966429532"	"9802.9696342317"	"10291.0324671411"	"10350.3353467329"	"8069.4892684353"
"6274"	"C6H9N3O2"	"C1=C(NC=N1)CC(C(=O)O)N"		"L-histidine"	"154.1"	"93"			"0.5"												"15865.8593766815"	"12748.9667671451"	"427.380650206987"	"12618.3950711328"	"14829.1253444476"	"12793.3062858472"	"11970.8529107241"	"9585.29169014715"	"14592.1653368449"	"9218.63601148077"
"21597501"	"C5H12O8P"	"C/C(CO)=C\COP(O)(OP(O)(O)=O)=O"		"(2E)-4-hydroxy-3-methylbut-2-enyl diphosphate"	"261"	"79"			"13.3"												"14657.6804473503"	"26203.8505336242"	"697.179056663273"	"26559.6299331233"	"27184.5158529594"	"27889.4923028272"	"23418.6620088946"	"23818.3584147078"	"28803.341008069"	"20389.5593605452"
"445127"	"C27H44N7O20P3S"	"CC(C)(COP(=O)(O)OP(=O)(O)OCC1C(C(C(O1)N2C=NC3=C2N=CN=C3N)O)OP(=O)(O)O)C(C(=O)NCCC(=O)NCCSC(=O)CC(C)(CC(=O)O)O)O"		"hydroxymethylglutaryl-CoA"	"910.1"	"407.9"			"18.5"												"11544.2295913136"	"11886.3818797357"	"433.334772131815"	"12031.0831216929"	"10095.0751618787"	"10623.8863306091"	"10356.2931956281"	"7733.98702417649"	"7808.46209919929"	"8076.50636505137"
"135398640"	"C10H13N4O8P"	"C1=NC(=O)C2=C(N1)N(C=N2)C3C(C(C(O3)COP(=O)(O)O)O)O"		"inosine 5'-monophosphate"	"347"	"134.8"			"8.3"												"176172.741333679"	"36641.408036561"	"3042.05721584729"	"16025.3848438933"	"4751.27311170679"	"24601.9557468696"	"41330.3644756632"	"180.902814593039"	"31537.9543319564"	"53729.8615578642"
	"C5H15O15P3"	"O=P(O)(O)OC1C(OP(O)(O)=O)C(O)C(O)C(OP(O)(O)=O)C1O"		"D-myo-inositol trikisphosphates (sum)"	"419"	"320.8"			"17.4"												"45103.4083647946"	"37221.8819853638"	"4127.21058751633"	"38552.1534398196"	"53476.9210295334"	"59613.5885673484"	"77121.7696039454"	"57673.0772568798"	"52100.8893288809"	"54119.5158377061"
"25245205"	"C6H16O18P4"	"O=P(O)(O)OC1C(OP(O)(O)=O)C(OP(O)(O)=O)C(O)C(OP(O)(O)=O)C1O"		"D-myo-inositol tetrakisphosphates (sum)"	"498.3"	"400.7"			"19.2"												"N/A"	"N/A"	"N/A"	"N/A"	"N/A"	"N/A"	"N/A"	"N/A"	"N/A"	"N/A"
"127296"	"C6H17O21P5"	"O=P(O)(O)OC1C(OP(O)(O)=O)C(OP(O)(O)=O)C(O)C(OP(O)(O)=O)C1OP(O)(O)=O"		"D-myo-inositol pentakisphosphates (sum)"	"578.9"	"480.6"			"19.2"												"N/A"	"N/A"	"N/A"	"N/A"	"N/A"	"N/A"	"N/A"	"N/A"	"N/A"	"N/A"
"890"	"C6H18O24P6"	"C1(C(C(C(C(C1OP(=O)(O)O)OP(=O)(O)O)OP(=O)(O)O)OP(=O)(O)O)OP(=O)(O)O)OP(=O)(O)O"		"phytic acid"	"658.9"	"560.7"			"19.6"												"N/A"	"N/A"	"N/A"	"N/A"	"N/A"	"N/A"	"N/A"	"N/A"	"N/A"	"N/A"
"1195"	"C5H12O7P2"	"CC(=C)CCOP(=O)(O)OP(=O)(O)O"		"Isopentenyl pyrophosphate"	"245"	"78.9"			"12.8"												"34128.3789191954"	"43913.0246024964"	"1581.3544707058"	"45895.8555893073"	"38891.1494208368"	"38115.4929836827"	"36468.9070218552"	"35405.4901159872"	"33045.519161005"	"35154.274236666"
"1198"	"C6H8O7"	"C(C(C(C(=O)O)O)C(=O)O)C(=O)O"		"isocitric acid"	"191"	"73"			"14.4"												"308658.718777978"	"212026.748622895"	"51415.1844888599"	"181544.188962275"	"167366.547494243"	"171573.982400001"	"181459.634901519"	"150521.130147776"	"149760.490047415"	"151545.018622848"
"165435"	"C26H44N7O17P3S"	"CC(C)CC(=O)SCCNC(=O)CCNC(=O)C(C(C)(C)COP(=O)(O)OP(=O)(O)OCC1C(C(C(O1)N2C=NC3=C2N=CN=C3N)O)OP(=O)(O)O)O"		"isovaleryl-coenzyme A"	"850.2"	"407.9"			"19.2"												"61814.4680643594"	"79438.1660135164"	"410.487506446309"	"85357.4827559058"	"80979.0849524999"	"73566.5954588303"	"81410.6978869668"	"71502.2126761593"	"72236.592002575"	"66799.3786055763"
"3080745"	"C6H11O9P"	"C(C(C(COP(=O)(O)O)O)O)C(=O)C(=O)O"		"2-keto-3-deoxy-6-phosphogluconate"	"257"	"97"			"5.8"												"N/A"	"N/A"	"N/A"	"N/A"	"N/A"	"N/A"	"N/A"	"N/A"	"N/A"	"N/A"
"612"	"C3H6O3"	"CC(C(=O)O)O"		"lactic acid"	"89"	"42.9"			"3.8"												"556183.514446747"	"360419.065967293"	"59727.0165791901"	"1269375.18012237"	"1002219.31205454"	"696074.62820958"	"306852.637521302"	"317809.391660118"	"390522.540185873"	"403193.626642698"
"6106"	"C6H13NO2"	"CC(C)CC(C(=O)O)N"		"L-leucine+L-isoleucine (sum)"	"261.3"	"130.2"			"1"												"363738.278545722"	"522572.03233228"	"48316.9067059424"	"787456.656002051"	"743953.914992635"	"870204.673300518"	"813260.586175935"	"863812.437263519"	"874470.237389523"	"868938.15366091"
"6106"	"C6H13NO2"	"CC(C)CC(C(=O)O)N"		"L-leucine+L-isoleucine (sum)"	"130.1"	"87.1"			"1"												"N/A"	"N/A"	"N/A"	"N/A"	"N/A"	"N/A"	"N/A"	"N/A"	"N/A"	"N/A"
"5962"	"C6H14N2O2"	"C(CCN)CC(C(=O)O)N"		"L-lysine"	"145.1"	"99"			"0.7"												"24259.6526261675"	"23350.609663318"	"1435.65843982962"	"17581.3081407261"	"20941.2711452002"	"16884.0137019666"	"19714.2347530536"	"21872.6870091332"	"25717.741773073"	"18374.1878206899"
"92824"	"C4H6O5"	"C(C(C(=O)O)O)C(=O)O"		"malic acid"	"133"	"115"			"9.8"												"41925421.1301869"	"40718021.5418003"	"9401403.28499253"	"39065654.4225"	"38941522.2427951"	"42187993.138"	"34883749.3958414"	"31939637.4055408"	"27695858.2612531"	"27071212.184448"
"644066"	"C24H38N7O19P3S"	"CC(C)(COP(=O)(O)OP(=O)(O)OCC1C(C(C(O1)N2C=NC3=C2N=CN=C3N)O)OP(=O)(O)O)C(C(=O)NCCC(=O)NCCSC(=O)CC(=O)O)O"		"malonyl-CoA"	"852.1"	"408"			"18.6"												"132050.154106359"	"122097.711108467"	"1098.17543816619"	"150676.470585363"	"137240.38528239"	"87658.2907007244"	"94332.7316586385"	"87128.0831748904"	"92099.9472006068"	"88180.1515146903"
"126747"	"C5H12O9P2"	"CC1(C(COP(=O)(OP(=O)(O1)O)O)O)CO"		"2C-methyl-D-erythritol 2,4-cyclodiphosphate"	"277"	"79"			"10.9"												"44464090.6773472"	"56096005.7380795"	"468298.566020674"	"57863630.12271"	"59062695.0868084"	"2366826.34733297"	"1811502.87391754"	"1790934.37155048"	"1695698.26242141"	"1781488.79983275"
"99"	"C26H42N7O17P3S"	"CC(=CC(=O)SCCNC(=O)CCNC(=O)C(C(C)(C)COP(=O)(O)OP(=O)(O)OCC1C(C(C(O1)N2C=NC3=C(N=CN=C32)N)O)OP(=O)(O)O)O)C"		"3-methylcrotonyl CoA"	"848.1"	"407.8"			"19.1"												"57130.0036607371"	"54920.788814523"	"786.707402421903"	"58026.687280715"	"58762.4424184302"	"55481.8551478914"	"47111.4626083722"	"49745.7758063443"	"47286.3989969315"	"48981.1569340676"
"443198"	"C5H13O7P"	"CC(CO)(C(COP(=O)(O)O)O)O"		"methyl-D-erythritol Phosphate"	"215"	"78.9"			"6.8"												"115062.408680277"	"189842.406910645"	"536.701474973595"	"216542.481256546"	"242662.999093531"	"121943.891316781"	"94108.2040470366"	"97114.861706902"	"99065.4551980986"	"86372.4171629578"
"876"	"C5H11NO2S"	"CSCCC(C(=O)O)N"		"methionine"	"148"	"47"			"0.8"												"585390.834662167"	"685020.936250704"	"142817.489818517"	"860125.635331023"	"915235.683645498"	"962597.755467609"	"908174.630706497"	"968913.040496128"	"960110.481001602"	"878368.648402408"
"439230"	"C6H10O3"	"CC(CCO)(CC(=O)O)O"		"mevalonic acid"	"147.1"	"59.1"			"6.6"												"N/A"	"N/A"	"N/A"	"N/A"	"N/A"	"N/A"	"N/A"	"N/A"	"N/A"	"N/A"
"439400"	"C6H13O7P"	"CC(CCOP(=O)(O)O)(CC(=O)O)O"		"mevalonate-P"	"227"	"97"			"11.2"												"N/A"	"N/A"	"N/A"	"N/A"	"N/A"	"N/A"	"N/A"	"N/A"	"N/A"	"N/A"
"439418"	"C6H14O10P2"	"CC(CCOP(=O)(O)OP(=O)(O)O)(CC(=O)O)O"		"mevalonate-5PP"	"307"	"78.9"			"15.9"												"N/A"	"N/A"	"N/A"	"N/A"	"N/A"	"N/A"	"N/A"	"N/A"	"N/A"	"N/A"
"123909"	"C25H40N7O19P3S"	"CC(C(=O)O)C(=O)SCCNC(=O)CCNC(=O)C(C(C)(C)COP(=O)(O)OP(=O)(O)OCC1C(C(C(O1)N2C=NC3=C2N=CN=C3N)O)OP(=O)(O)O)O"		"methylmalonyl coa"	"866.1"	"408"			"17.8"												"808804.342906294"	"889736.927476843"	"4332.69425607694"	"1554161.86226635"	"2116036.64771664"	"1655335.04211692"	"745301.867846905"	"1678647.50094029"	"1662772.65603835"	"1445932.3325483"
"938"	"C6H5NO2"	"C1=CC(=CN=C1)C(=O)O"		"nicotinic acid"	"122"	"77.9"			"7"												"5053127.88273828"	"10436654.3738688"	"552595.140642609"	"11811309.1391627"	"11967371.0227581"	"10887590.6439318"	"10802232.5295857"	"10134095.4292374"	"9878140.46625449"	"9514082.00398055"
"121991"	"C11H14NO9P"	"C1=CC(=C[N+](=C1)C2C(C(C(O2)COP(=O)(O)O)O)O)C(=O)[O-]"		"nicotinate mononucleotide"	"334"	"78.9"			"0"												"N/A"	"N/A"	"N/A"	"N/A"	"N/A"	"N/A"	"N/A"	"N/A"	"N/A"	"N/A"
"5892"	"C21H27N7O14P2"	"C1=CC(=C[N+](=C1)C2C(C(C(O2)COP(=O)([O-])OP(=O)(O)OCC3C(C(C(O3)N4C=NC5=C4N=CN=C5N)O)O)O)O)C(=O)N"		"NAD+"	"662.1"	"540.1"			"5"												"2049636.00394965"	"14492739.650407"	"92408.7277205588"	"15737190.6393192"	"17635525.6217653"	"15940612.118287"	"14960476.3569599"	"16608155.2604287"	"16288405.4650654"	"15819023.4527204"
"439153"	"C21H29N7O14P2"	"C1C=CN(C=C1C(=O)N)C2C(C(C(O2)COP(=O)(O)OP(=O)(O)OCC3C(C(C(O3)N4C=NC5=C4N=CN=C5N)O)O)O)O"		"NADH"	"664.1"	"78.9"			"11.4"												"66663.1482504653"	"108701.619557654"	"317.807482109977"	"118281.582901014"	"99064.956319454"	"107865.220798431"	"113072.183270588"	"84786.9847552477"	"65169.6187215297"	"88594.5718229101"
"5886"	"C21H29N7O17P3+"	"C1=CC(=C[N+](=C1)C2C(C(C(O2)COP(=O)(O)OP(=O)(O)OCC3C(C(C(O3)N4C=NC5=C4N=CN=C5N)OP(=O)(O)O)O)O)O)C(=O)N"		"NADP+"	"743.1"	"620"			"13.4"												"430471.337365677"	"319856.823553043"	"3319.79881178876"	"469787.347895261"	"539861.613476465"	"666199.805450893"	"466882.727833551"	"649167.164889634"	"655475.187389207"	"600787.346772883"
"5884"	"C21H30N7O17P3"	"C1C=CN(C=C1C(=O)N)C2C(C(C(O2)COP(=O)(O)OP(=O)(O)OCC3C(C(C(O3)N4C=NC5=C4N=CN=C5N)OP(=O)(O)O)O)O)O"		"NADPH"	"744.1"	"79"			"16.3"												"183813.021577724"	"229702.147836634"	"1932.85129178235"	"232754.187193041"	"183324.10808764"	"240721.794826637"	"258454.319129556"	"198486.047621583"	"166303.952387355"	"188135.293946723"
"936"	"C6H6N2O"	"C1=CC(=CN=C1)C(=O)N"		"nicotinamide"	"121"	"76.9"			"0"												"2433306.05964403"	"1721416.66223297"	"3785583.17630359"	"1562085.74875423"	"1632044.75036403"	"1547607.67115224"	"1497909.25938897"	"1360612.94578463"	"1498727.74449521"	"1583120.11020311"
"14180"	"C11H15N2O8P"	"C1=CC(=C[N+](=C1)C2C(C(C(O2)COP(=O)(O)[O-])O)O)C(=O)N"		"nicotinamide mononucleotide"	"333"	"78.9"			"0"												"N/A"	"N/A"	"N/A"	"N/A"	"N/A"	"N/A"	"N/A"	"N/A"	"N/A"	"N/A"
"6262"	"C5H12N2O2"	"C(CC(C(=O)O)N)CN"		"L-ornithine"	"131.1"	"82.9"			"0.6"												"17543.1465954751"	"24917.3105537186"	"2726.62280619867"	"23957.9507759254"	"26943.6856855676"	"25101.4278236448"	"25027.3351732254"	"24640.9957006696"	"26736.5288899349"	"23013.4153894308"
"967"	"C5H4N2O4"	"C1=C(NC(=O)NC1=O)C(=O)O"		"orotic acid"	"155"	"110.7"			"4.8"												"206885.578648723"	"334305.377970784"	"6075.34695528317"	"321778.214671444"	"393330.256633507"	"420575.883533873"	"422707.243584314"	"407326.249377285"	"415114.447987053"	"417425.446294863"
"160617"	"C10H13N2O11P"	"C1=C(N(C(=O)NC1=O)C2C(C(C(O2)COP(=O)(O)O)O)O)C(=O)O"		"orotidylic acid"	"367"	"78.9"			"15.8"												"7664.84271383396"	"8284.35722868864"	"992.844121671752"	"9697.35912164057"	"7702.37301287757"	"4565.60643085788"	"3594.82313431735"	"4766.19413804117"	"4155.16205823257"	"5615.27761305264"
"970"	"C2H2O4"	"C(C(=O)C(=O)O)C(=O)O"		"oxaloacetic acid"	"131"	"87"			"10.5"												"179645.957456373"	"215173.834585756"	"66682.3145330143"	"203277.621560062"	"205569.713307341"	"250512.29127325"	"236977.741789305"	"232490.524251567"	"217469.690343376"	"231148.836795812"
"970"	"C2H2O4"	"C(C(=O)C(=O)O)C(=O)O"		"oxaloacetic acid_2"	"131"	"43"			"10.5"												"N/A"	"N/A"	"N/A"	"N/A"	"N/A"	"N/A"	"N/A"	"N/A"	"N/A"	"N/A"
"6613"	"C9H17NO5"	"CC(C)(CO)C(C(=O)NCCC(=O)O)O"		"D-pantothenic acid"	"218.1"	"88.1"			"7"												"11488906.4439047"	"21322052.6466681"	"914973.443821254"	"21767999.4070828"	"21285840.0059893"	"22921941.0057751"	"22334224.3640736"	"20706231.9015112"	"22819543.4981429"	"20955005.1711846"
"1015"	"C2H8NO4P"	"C(COP(=O)(O)O)N"		"O-phosphoethanolamine"	"140"	"79"			"1.4"												"N/A"	"N/A"	"N/A"	"N/A"	"N/A"	"N/A"	"N/A"	"N/A"	"N/A"	"N/A"
	"C5H10O2"	"OC(CCCC)=O"		"sum of valeric acid, isovaleric, anteisovaleric acid"	"101.1"	"101.1"			"10.7"												"N/A"	"N/A"	"N/A"	"N/A"	"N/A"	"N/A"	"N/A"	"N/A"	"N/A"	"N/A"
"1005"	"C3H5O6P"	"C=C(C(=O)O)OP(=O)(O)O"		"phosphoenolpyruvate"	"167"	"78.8"			"13.9"												"2123653.23058307"	"2282629.01697893"	"10903.0667987287"	"2805815.49195729"	"3134892.94874658"	"3597590.24681885"	"2470844.84806969"	"2571358.56998471"	"2269865.52419217"	"2226724.58955931"
"6140"	"C9H11NO2"	"C1=CC=C(C=C1)CC(C(=O)O)N"		"phenylalanine"	"164.1"	"103"			"1.5"												"8376410.91579298"	"12958953.9456889"	"2979645.49482969"	"13228116.0156664"	"14006573.0715508"	"14576694.9998017"	"14595402.7170854"	"14721388.4839479"	"13764667.911344"	"13813023.1132178"
"1061"	"H2PO4-"	"O=P(O[O-])=O.[HH]"		"phosphate"	"96.9"	"78.9"			"4"												"N/A"	"N/A"	"N/A"	"N/A"	"N/A"	"N/A"	"N/A"	"N/A"	"N/A"	"N/A"
"150"	"C5H12NO7P"	"NC(O1)C(O)C(O)C1COP(O)(O)=O"		"phosphoribosylamine"	"227"	"78.9"			"0"												"N/A"	"N/A"	"N/A"	"N/A"	"N/A"	"N/A"	"N/A"	"N/A"	"N/A"	"N/A"
"145742"	"C5H9NO2"	"C1CC(NC1)C(=O)O"		"L-proline"	"114.1"	"86"			"0.6"												"16832.8743753715"	"15523.9981280745"	"3317.65508605698"	"15016.1751232566"	"16471.7241499254"	"15624.8408989503"	"14968.4600050814"	"12944.5668025354"	"15184.4990590058"	"10062.2176814815"
"7339"	"C5H13O14P3"	"C(C1C(C(C(O1)OP(=O)(O)OP(=O)(O)O)O)O)OP(=O)(O)O"		"PRPP"	"388.9"	"176.8"			"17.5"												"N/A"	"N/A"	"N/A"	"N/A"	"N/A"	"N/A"	"N/A"	"N/A"	"N/A"	"N/A"
"1060"	"C3H4O3"	"CC(=O)C(=O)O"		"pyruvic acid"	"87"	"43"			"4.9"												"40622.5939182479"	"59704.9255947748"	"8559.01127970029"	"57708.3499245927"	"58050.9232443207"	"59958.556107542"	"48474.0195501115"	"46062.7921738843"	"45431.7180197342"	"44745.7346394768"
"6508"	"C7H12O6"	"C1C(C(C(CC1(C(=O)O)O)O)O)O"		"quinic acid"	"191.1"	"85"			"2.7"												"26956.9594384106"	"32541.8688677968"	"489.323113728406"	"34259.0116305532"	"41251.0156106356"	"47204.9800482856"	"50838.0837357216"	"37828.5034518676"	"38284.2555669097"	"39688.0235124269"
"439236"	"C5H11O8P"	"C(C1C(C(C(O1)OP(=O)(O)O)O)O)O"		"ribose-1-phosphate"	"229"	"211"			"7.7"												"N/A"	"N/A"	"N/A"	"N/A"	"N/A"	"N/A"	"N/A"	"N/A"	"N/A"	"N/A"
"77982"	"C5H11O8P"	"C(C(C(C(C=O)O)O)O)OP(=O)(O)O"		"ribose phosphate"	"229"	"96.8"			"6.3"												"106220.02111432"	"199261.956155897"	"1114.46921577034"	"287090.138029046"	"451521.039334681"	"266226.690998673"	"173135.067352966"	"209975.462120235"	"252239.882785598"	"228868.455668382"
"5460677"	"C5H10O6"	"C(C(C(C(C(=O)O)O)O)O)O"		"D-ribonic acid"	"165"	"75"			"2.3"												"340203.685384989"	"461107.011774347"	"2295.65963965872"	"475669.721438375"	"516646.639185285"	"526014.217178582"	"495545.440170786"	"517182.09742959"	"504309.118562454"	"430587.024019199"
"123658"	"C5H12O11P2"	"C(C(C(C(=O)COP(=O)(O)O)O)O)OP(=O)(O)O"		"D-ribulose 1,5-Bisphosphate"	"309"	"97"			"15.7"												"40980.2890288721"	"45009.1315647714"	"1156.28753269831"	"43332.0359486677"	"47523.7312712339"	"48220.8425570875"	"49096.9931147636"	"40636.4264699175"	"38752.6831716185"	"41240.5994182853"
"439184"	"C5H11O8P"	"C(C(C(C(=O)CO)O)O)OP(=O)(O)O"		"ribulose 5-phosphate+xylolose 5-phosphate (sum)"	"229"	"96.8"			"6.5"												"N/A"	"N/A"	"N/A"	"N/A"	"N/A"	"N/A"	"N/A"	"N/A"	"N/A"	"N/A"
"164735"	"C7H16O13P2"	"C(C(C(C(C(C(=O)COP(=O)(O)O)O)O)O)O)OP(=O)(O)O"		"sedoheptulose 1,7-bisphosphate"	"369"	"97"			"15.5"												"309816.715470883"	"240348.871030948"	"1442.82823639522"	"241606.489168698"	"240349.16839635"	"273774.705429955"	"258286.405719467"	"241347.303556228"	"213636.77348169"	"213184.1564996"
"165007"	"C7H15O10P"	"C(C(C(C(C(C(=O)CO)O)O)O)O)OP(=O)(O)O"		"sedoheptulose 7-phosphate"	"289"	"97"			"6.6"												"830545.620501396"	"1141139.71642305"	"2145.59107960193"	"1076504.35024572"	"1271508.0629149"	"909835.796155176"	"895640.929850394"	"891569.364636564"	"922527.511297963"	"907309.783353513"
"439155"	"C14H20N6O5S"	"C1=NC(=C2C(=N1)N(C=N2)C3C(C(C(O3)CSCCC(C(=O)O)N)O)O)N"		"S-adenosylhomocysteine"	"383.1"	"133.9"			"0.8"												"428352.984214216"	"756222.581415418"	"12210.6808797668"	"926506.493531652"	"1038176.85940302"	"1214498.81602604"	"1142169.77071212"	"1118080.6462912"	"1055277.46544251"	"1002036.68306537"
"160666"	"C13H19N4O12P"	"C1=NC(=C(N1C2C(C(C(O2)COP(=O)(O)O)O)O)N)C(=O)NC(CC(=O)O)C(=O)O"		"SAICAR"	"453.1"	"78.9"			"0"												"N/A"	"N/A"	"N/A"	"N/A"	"N/A"	"N/A"	"N/A"	"N/A"	"N/A"	"N/A"
"5951"	"C3H7NO3"	"C(C(C(=O)O)N)O"		"L-serine"	"104"	"74"			"0.8"												"13779.2832652492"	"20924.3781238966"	"2610.61992432035"	"27453.9815610931"	"22337.9224917529"	"13661.6490187645"	"21165.4400614893"	"15906.6368039287"	"12677.5560546809"	"17583.6744405171"
"8742"	"C7H10O5"	"C1C(C(C(C=C1C(=O)O)O)O)O"		"shikimic acid"	"173"	"92.9"			"2.5"												"N/A"	"N/A"	"N/A"	"N/A"	"N/A"	"N/A"	"N/A"	"N/A"	"N/A"	"N/A"
"1110"	"C4H6O4"	"C(CC(=O)O)C(=O)O"		"succinic acid"	"117"	"73"			"9.9"												"100254731.2205"	"145969747.9275"	"14616718.681"	"132467258.2535"	"130824437.9725"	"129002924.7105"	"126813904.2645"	"120615032.909927"	"113002671.007"	"110267771.648"
"92133"	"C25H40N7O19P3S"	"CC(C)(COP(=O)(O)OP(=O)(O)OCC1C(C(C(O1)N2C=NC3=C2N=CN=C3N)O)OP(=O)(O)O)C(C(=O)NCCC(=O)NCCSC(=O)CCC(=O)O)O"		"succinyl-coenzyme A"	"866.1"	"407.6"			"19"												"329760.606727454"	"377552.413225832"	"1645.32987147056"	"618052.719010718"	"849116.336354567"	"705502.232223181"	"295940.324686102"	"681781.689039025"	"637201.340621448"	"583116.24942013"
"1117"	"HSO4-"	"O=S(O)([O-])=O"		"sulfate"	"97"	"97"			"10.2"												"N/A"	"N/A"	"N/A"	"N/A"	"N/A"	"N/A"	"N/A"	"N/A"	"N/A"	"N/A"
"6288"	"C4H9NO3"	"CC(C(C(=O)O)N)O"		"L-threonine"	"118.1"	"73.9"			"0.8"												"863631.599343201"	"713254.522533951"	"80807.4656590651"	"838824.554653586"	"927252.851420266"	"622855.80841958"	"625068.594022473"	"633971.432855752"	"626051.407611637"	"549145.43030939"
"4472903"	"C18H26O19"	"C1(C(C(OC(C1O)OC2C(C(C(OC2C(=O)O)OC3C(C(C(OC3C(=O)O)O)O)O)O)O)C(=O)O)O)O"		"trigalacturonic acid"	"545.1"	"369"			"13.8"												"N/A"	"N/A"	"N/A"	"N/A"	"N/A"	"N/A"	"N/A"	"N/A"	"N/A"	"N/A"
"6305"	"C11H12N2O2"	"C1=CC=C2C(=C1)C(=CN2)CC(C(=O)O)N"		"L-tryptophan"	"203.1"	"116.2"			"3.4"												"2379569.1242438"	"1816383.14854015"	"996353.628588886"	"1982233.78457413"	"2339224.23280358"	"2640999.72369164"	"2859276.46796929"	"2957887.88733573"	"2781356.28504324"	"2544715.1999141"
"6057"	"C9H11NO3"	"C1=CC(=CC=C1CC(C(=O)O)N)O"		"L-tyrosine"	"180.1"	"118.9"			"1"												"1543806.2277339"	"1883804.51418741"	"179928.978162963"	"2149703.1048197"	"2289282.21708291"	"2472277.72002751"	"2359367.00624616"	"2443349.40465908"	"2372295.49705556"	"2232853.68699928"
"1175"	"C5H4N4O3"	"C12=C(NC(=O)N1)NC(=O)NC2=O"		"uric acid"	"167"	"124"			"2.7"												"58084.1348642803"	"59356.335837325"	"2806.08964784435"	"24414.695054273"	"73054.137955223"	"77942.0446706915"	"79930.2236031503"	"86648.4815160913"	"77723.607746802"	"79128.1141264257"
"6031"	"C9H14N2O12P2"	"C1=CN(C(=O)NC1=O)C2C(C(C(O2)COP(=O)(O)OP(=O)(O)O)O)O"		"uridine 5'-diphosphate"	"403"	"78.8"			"13.1"												"6595923.30211662"	"5783648.19268756"	"7362.60649698706"	"5262441.33638087"	"4125364.06526627"	"4439733.02057845"	"4710115.56951143"	"5755351.67696125"	"3886369.47272603"	"4694044.91161525"
"8629"	"C15H24N2O17P2"	"C1=CN(C(=O)NC1=O)C2C(C(C(O2)COP(=O)(O)OP(=O)(O)OC3C(C(C(C(O3)CO)O)O)O)O)O"		"UDP-glucose"	"565"	"323"			"10.2"												"123367533.43842"	"122500333.153262"	"617852.413047929"	"139673766.925456"	"162909844.982388"	"136856430.038101"	"114558630.961231"	"138825799.76865"	"137577545.353277"	"126839832.087594"
"445675"	"C17H27N3O17P2"	"CC(=O)NC1C(C(C(OC1OP(=O)(O)OP(=O)(O)OCC2C(C(C(O2)N3C=CC(=O)NC3=O)O)O)CO)O)O"		"UDP-N-acetyl-alpha-D-glucosamine"	"606.1"	"384.8"			"10.2"												"8520141.6457832"	"10021085.8586967"	"35885.3813013713"	"8041886.6023001"	"8701970.08014808"	"11096380.6144649"	"11272747.0114429"	"10957888.7199498"	"10669542.7360845"	"10615685.0725305"
"6030"	"C9H13N2O9P"	"C1=CN(C(=O)NC1=O)C2C(C(C(O2)COP(=O)(O)O)O)O"		"uridine 5'-monophosphate"	"323"	"79"			"7.8"												"6479107.51060414"	"3820403.19192084"	"9070.65881231665"	"2181607.82430983"	"1112803.93937869"	"2318539.67115727"	"3945691.7640034"	"4738236.87549692"	"2676996.02622857"	"3214021.20076955"
"6029"	"C9H12N2O6"	"C1=CN(C(=O)NC1=O)C2C(C(C(O2)CO)O)O"		"uridine"	"243.1"	"109.9"			"0.8"												"1839834.94258656"	"4949833.77294354"	"969571.755365553"	"5954040.8117547"	"6261094.20581459"	"4243168.42774233"	"5100499.41742322"	"3133972.03076799"	"4325998.30269014"	"3653908.75666641"
"6133"	"C9H15N2O15P3"	"C1=CN(C(=O)NC1=O)C2C(C(C(O2)COP(=O)(O)OP(=O)(O)OP(=O)(O)O)O)O"		"uridine 5'-triphosphate"	"483"	"158.8"			"16.2"												"3685479.76896568"	"3504850.46852932"	"29036.7294575753"	"8338636.42811062"	"12130797.0506453"	"14686697.4947393"	"7257134.69064554"	"10932127.5117894"	"9608842.41888705"	"9375322.4639416"
"6287"	"C5H11NO2"	"CC(C)C(C(=O)O)N"		"L-valine"	"233.3"	"116"			"0.8"												"N/A"	"N/A"	"N/A"	"N/A"	"N/A"	"N/A"	"N/A"	"N/A"	"N/A"	"N/A"
"6287"	"C5H11NO2"	"CC(C)C(C(=O)O)N"		"L-valine"	"116.1"	"70"			"0.8"												"23594.0597385368"	"31147.0414013673"	"7016.10678733945"	"32424.9395254266"	"32555.109710633"	"34835.7502099684"	"37411.7199600618"	"34169.2644057921"	"34856.137328908"	"38043.2633700971"
"73323"	"C10H13N4O9P"	"C1=NC2=C(N1C3C(C(C(O3)COP(=O)(O)O)O)O)NC(=O)NC2=O"		"xanthosine monophosphate"	"363"	"151.1"			"12.9"												"458472.620597182"	"279498.823250425"	"1058.57495178919"	"134750.70251894"	"139061.931275591"	"253702.075563966"	"247349.67138165"	"371878.910696914"	"397.56800058594"	"183718.328913971"
"135444742"	"C19H23N7O6"	"C1C(NC2=C(N1)N=C(NC2=O)N)CNC3=CC=C(C=C3)C(=O)NC(CCC(=O)O)C(=O)O"		"tetrahydrofolic acid"	"444.2"	"176.1"			"0"												"N/A"	"N/A"	"N/A"	"N/A"	"N/A"	"N/A"	"N/A"	"N/A"	"N/A"	"N/A"
"135398658"	"C19H19N7O6"	"C1=CC(=CC=C1C(=O)NC(CCC(=O)O)C(=O)O)NCC2=CN=C3C(=N2)C(=O)NC(=N3)N"		"folic acid"	"440.1"	"311.1"			"12.3"												"N/A"	"N/A"	"N/A"	"N/A"	"N/A"	"N/A"	"N/A"	"N/A"	"N/A"	"N/A"
"135403648"	"C20H23N7O7"	"C1C(N(C2=C(N1)N=C(NC2=O)N)C=O)CNC3=CC=C(C=C3)C(=O)NC(CCC(=O)O)C(=O)O"		"5-formyltetrahydrofolic acid"	"472.2"	"315.1"			"0"												"N/A"	"N/A"	"N/A"	"N/A"	"N/A"	"N/A"	"N/A"	"N/A"	"N/A"	"N/A"
